{
  "project_info": {
    "project_number": "820993343179",
    "project_id": "mbti-lovers-4b1ae",
    "storage_bucket": "mbti-lovers-4b1ae.appspot.com"
  },
  "client": [
    {
      "client_info": {
        "mobilesdk_app_id": "1:820993343179:android:15d4db1379340e7600654e",
        "android_client_info": {
          "package_name": "kr.hongik.mbti"
        }
      },
      "oauth_client": [
        {
          "client_id": "820993343179-bcjfa5q2gfh46r5m8n5va2mu8u9qbcn5.apps.googleusercontent.com",
          "client_type": 1,
          "android_info": {
            "package_name": "kr.hongik.mbti",
            "certificate_hash": "0a7f6bd290997fb42ca300b357ca1a60ebfb3a50"
          }
        },
        {
          "client_id": "820993343179-ipt8kcg064eeihkrup99e88evi3metja.apps.googleusercontent.com",
          "client_type": 3
        }
      ],
      "api_key": [
        {
          "current_key": "AIzaSyCkl-lL93lwHCH-uVGzY6l29i3FEdYkv2Y"
        }
      ],
      "services": {
        "appinvite_service": {
          "other_platform_oauth_client": [
            {
              "client_id": "820993343179-ipt8kcg064eeihkrup99e88evi3metja.apps.googleusercontent.com",
              "client_type": 3
            }
          ]
        }
      }
    }
  ],
  "configuration_version": "1"
}