{
  "project_info": {
    "project_number": "1042646645891",
    "firebase_url": "https://mbti-bd577.firebaseio.com",
    "project_id": "mbti-bd577",
    "storage_bucket": "mbti-bd577.appspot.com"
  },
  "client": [
    {
      "client_info": {
        "mobilesdk_app_id": "1:1042646645891:android:f9227183343c02386e2fb6",
        "android_client_info": {
          "package_name": "kr.hongik.mbti"
        }
      },
      "oauth_client": [
        {
          "client_id": "1042646645891-3h2ualaobcgrr40ov5sv23m0g8pl9kt9.apps.googleusercontent.com",
          "client_type": 3
        }
      ],
      "api_key": [
        {
          "current_key": "AIzaSyD_0PLMEvqy9p_Cxr7Q6TP1fbOCnnZJUgQ"
        }
      ],
      "services": {
        "appinvite_service": {
          "other_platform_oauth_client": [
            {
              "client_id": "1042646645891-3h2ualaobcgrr40ov5sv23m0g8pl9kt9.apps.googleusercontent.com",
              "client_type": 3
            }
          ]
        }
      }
    }
  ],
  "configuration_version": "1"
}